{"cameraMode":{"drawMode":0,"name":"Shaded","section":"Shading Mode"},"sceneLighting":true,"audioPlay":false,"sceneViewState":{"showFog":true,"showMaterialUpdate":false,"showSkybox":true,"showFlares":true,"showImageEffects":true,"showParticleSystems":true},"in2DMode":false,"pivot":{"x":3.3075201511383058,"y":-2.8980178833007814,"z":-3.4336376190185549},"rotation":{"x":-0.4679059088230133,"y":0.18990427255630494,"z":-0.1036984995007515,"w":-0.8568828105926514},"size":13.197347640991211,"orthographic":false}